{"cameraMode":{"drawMode":0,"name":"Shaded","section":"Shading Mode"},"sceneLighting":false,"audioPlay":false,"sceneViewState":{"showFog":false,"showMaterialUpdate":false,"showSkybox":false,"showFlares":false,"showImageEffects":false,"showParticleSystems":false},"in2DMode":false,"pivot":{"x":560.4055786132813,"y":217.21551513671876,"z":351.2328796386719},"rotation":{"x":-0.03329979628324509,"y":-0.02071770839393139,"z":0.0008603663300164044,"w":-0.9994357228279114},"size":1518.3775634765625,"orthographic":false}