{"cameraMode":{"drawMode":0,"name":"Shaded","section":"Shading Mode"},"sceneLighting":false,"audioPlay":false,"sceneViewState":{"showFog":false,"showMaterialUpdate":true,"showSkybox":false,"showFlares":false,"showImageEffects":false,"showParticleSystems":false},"in2DMode":false,"pivot":{"x":-8.242059707641602,"y":27.544002532958986,"z":-55.999061584472659},"rotation":{"x":0.032077014446258548,"y":-0.9679107069969177,"z":0.17946822941303254,"w":0.17376507818698884},"size":23.63534927368164,"orthographic":false}