{"cameraMode":{"drawMode":0,"name":"Shaded","section":"Shading Mode"},"sceneLighting":false,"audioPlay":false,"sceneViewState":{"showFog":false,"showMaterialUpdate":false,"showSkybox":false,"showFlares":false,"showImageEffects":false,"showParticleSystems":false},"in2DMode":false,"pivot":{"x":42.63265609741211,"y":-3.887801170349121,"z":49.62025451660156},"rotation":{"x":-0.28649184107780459,"y":0.42255493998527529,"z":-0.14277315139770509,"w":-0.848002552986145},"size":20.064550399780275,"orthographic":false}