{"cameraMode":{"drawMode":0,"name":"Shaded","section":"Shading Mode"},"sceneLighting":false,"audioPlay":false,"sceneViewState":{"showFog":false,"showMaterialUpdate":false,"showSkybox":false,"showFlares":false,"showImageEffects":false,"showParticleSystems":false},"in2DMode":false,"pivot":{"x":-1.6299750804901124,"y":-0.010878562927246094,"z":0.7605299949645996},"rotation":{"x":-0.28649184107780459,"y":0.42255493998527529,"z":-0.14277315139770509,"w":-0.848002552986145},"size":16.068395614624025,"orthographic":false}