{"cameraMode":{"drawMode":0,"name":"Shaded","section":"Shading Mode"},"sceneLighting":false,"audioPlay":false,"sceneViewState":{"showFog":false,"showMaterialUpdate":false,"showSkybox":false,"showFlares":false,"showImageEffects":false,"showParticleSystems":false},"in2DMode":false,"pivot":{"x":58.483646392822269,"y":-12.636961936950684,"z":103.79391479492188},"rotation":{"x":-0.1271297186613083,"y":-0.07255496829748154,"z":0.009323017671704293,"w":-0.9892495274543762},"size":79.07797241210938,"orthographic":false}