{"cameraMode":{"drawMode":0,"name":"Shaded","section":"Shading Mode"},"sceneLighting":false,"audioPlay":false,"sceneViewState":{"showFog":false,"showMaterialUpdate":false,"showSkybox":false,"showFlares":false,"showImageEffects":false,"showParticleSystems":false},"in2DMode":false,"pivot":{"x":55.68792724609375,"y":-7.301488399505615,"z":27.106687545776368},"rotation":{"x":0.0582285113632679,"y":0.9417958855628967,"z":-0.2277827262878418,"w":0.24062959849834443},"size":29.938961029052736,"orthographic":false}