{"cameraMode":{"drawMode":0,"name":"Shaded","section":"Shading Mode"},"sceneLighting":false,"audioPlay":false,"sceneViewState":{"showFog":false,"showMaterialUpdate":false,"showSkybox":false,"showFlares":false,"showImageEffects":false,"showParticleSystems":false},"in2DMode":false,"pivot":{"x":7.636868000030518,"y":1.2200000286102296,"z":5.479130744934082},"rotation":{"x":0.08383326977491379,"y":0.09464912861585617,"z":-0.00797626469284296,"w":0.991970419883728},"size":3.6894378662109377,"orthographic":false}