{"cameraMode":{"drawMode":0,"name":"Shaded","section":"Shading Mode"},"sceneLighting":false,"audioPlay":false,"sceneViewState":{"showFog":false,"showMaterialUpdate":false,"showSkybox":false,"showFlares":false,"showImageEffects":false,"showParticleSystems":false},"in2DMode":false,"pivot":{"x":3.344398260116577,"y":27.608837127685548,"z":-49.02128219604492},"rotation":{"x":-0.03938887640833855,"y":0.9510848522186279,"z":-0.13677172362804414,"w":-0.27434954047203066},"size":35.969322204589847,"orthographic":false}